-- phpMyAdmin SQL Dump
-- version 5.1.1
-- https://www.phpmyadmin.net/
--
-- Host: 127.0.0.1
-- Generation Time: May 10, 2022 at 10:49 PM
-- Server version: 10.4.22-MariaDB
-- PHP Version: 8.1.2

SET SQL_MODE = "NO_AUTO_VALUE_ON_ZERO";
START TRANSACTION;
SET time_zone = "+00:00";


/*!40101 SET @OLD_CHARACTER_SET_CLIENT=@@CHARACTER_SET_CLIENT */;
/*!40101 SET @OLD_CHARACTER_SET_RESULTS=@@CHARACTER_SET_RESULTS */;
/*!40101 SET @OLD_COLLATION_CONNECTION=@@COLLATION_CONNECTION */;
/*!40101 SET NAMES utf8mb4 */;

--
-- Database: `online_exam_platform`
--

-- --------------------------------------------------------

--
-- Table structure for table `answers`
--

CREATE TABLE `answers` (
  `id` int(11) NOT NULL,
  `question_id` int(11) NOT NULL,
  `answer` varchar(255) NOT NULL,
  `is_correct` tinyint(1) DEFAULT NULL
) ENGINE=InnoDB DEFAULT CHARSET=utf8mb4;

-- --------------------------------------------------------

--
-- Table structure for table `chapters`
--

CREATE TABLE `chapters` (
  `id` int(11) NOT NULL,
  `subject_id` int(11) NOT NULL,
  `chapter_name` varchar(255) NOT NULL
) ENGINE=InnoDB DEFAULT CHARSET=utf8mb4;

--
-- Dumping data for table `chapters`
--

INSERT INTO `chapters` (`id`, `subject_id`, `chapter_name`) VALUES
(1, 7, 'chapter one'),
(2, 5, 'chapter two'),
(3, 8, 'chapter three'),
(4, 7, 'chapter two'),
(5, 8, 'chapter four'),
(6, 5, 'chapter 7'),
(7, 7, 'chapter five'),
(8, 8, 'data base 1'),
(9, 5, 'hjk');

-- --------------------------------------------------------

--
-- Table structure for table `contact`
--

CREATE TABLE `contact` (
  `id` int(11) NOT NULL,
  `name` varchar(255) NOT NULL,
  `email` varchar(255) NOT NULL,
  `msg` text NOT NULL,
  `state` varchar(50) DEFAULT NULL
) ENGINE=InnoDB DEFAULT CHARSET=utf8mb4;

--
-- Dumping data for table `contact`
--

INSERT INTO `contact` (`id`, `name`, `email`, `msg`, `state`) VALUES
(5, 'alaa attia', 'alaaattia147@gmail.com', 'any thing', 'Accepted'),
(6, 'heba', 'hebanasser@gmail.com', 'all things', 'Rejected');

-- --------------------------------------------------------

--
-- Table structure for table `departments`
--

CREATE TABLE `departments` (
  `id` int(11) NOT NULL,
  `dept_name` varchar(100) NOT NULL,
  `level_id` int(11) NOT NULL
) ENGINE=InnoDB DEFAULT CHARSET=utf8mb4;

--
-- Dumping data for table `departments`
--

INSERT INTO `departments` (`id`, `dept_name`, `level_id`) VALUES
(7, 'General', 8),
(14, 'SE', 11);

-- --------------------------------------------------------

--
-- Table structure for table `exams`
--

CREATE TABLE `exams` (
  `id` int(11) NOT NULL,
  `subject_id` int(11) NOT NULL,
  `exam_name` varchar(255) NOT NULL,
  `start_time` time NOT NULL,
  `duration` int(3) NOT NULL,
  `num_of_questions` int(3) NOT NULL,
  `total_mark` int(3) NOT NULL
) ENGINE=InnoDB DEFAULT CHARSET=utf8mb4;

-- --------------------------------------------------------

--
-- Table structure for table `levels`
--

CREATE TABLE `levels` (
  `id` int(11) NOT NULL,
  `level_name` tinytext NOT NULL
) ENGINE=InnoDB DEFAULT CHARSET=utf8mb4;

--
-- Dumping data for table `levels`
--

INSERT INTO `levels` (`id`, `level_name`) VALUES
(8, 'one'),
(11, 'two'),
(12, 'three');

-- --------------------------------------------------------

--
-- Table structure for table `professors`
--

CREATE TABLE `professors` (
  `id` int(11) NOT NULL,
  `user_name` varchar(255) NOT NULL,
  `academic_id` varchar(16) NOT NULL,
  `email` varchar(255) NOT NULL,
  `password` varchar(70) NOT NULL,
  `role` varchar(15) NOT NULL,
  `state` tinyint(1) DEFAULT NULL,
  `created_at` timestamp NOT NULL DEFAULT current_timestamp(),
  `login_at` timestamp NOT NULL DEFAULT current_timestamp()
) ENGINE=InnoDB DEFAULT CHARSET=utf8mb4;

--
-- Dumping data for table `professors`
--

INSERT INTO `professors` (`id`, `user_name`, `academic_id`, `email`, `password`, `role`, `state`, `created_at`, `login_at`) VALUES
(5, 'amr abohany', '1618120190100013', 'amr@gmail.com', '$2y$10$D7z4mi.2PCqiFfRXN50Qm.to3/tGPZzu1s5mA9J3gcnwPeLD0Sz3e', 'professor', 1, '2022-05-05 21:29:18', '2022-05-09 22:24:39'),
(6, 'reda mabrouk', '1618120190100041', 'reda@gnail.com', '$2y$10$gRFVPR7y0Qae6oe1kbKojOnJWTXwFOZuzfdlFoam6K4e3sOJ4AVHC', 'professor', 1, '2022-05-05 21:31:49', '2022-05-05 21:34:55'),
(8, 'amna mahmoad', '1618120190100099', 'amna@gmail.com', '$2y$10$ZTX/OYCC1HqcCGAmbsAp4eJqKag4HyNTNMO2HLnGdAldcTE8JkpXi', 'professor', 1, '2022-05-07 00:55:37', '2022-05-07 00:56:39');

-- --------------------------------------------------------

--
-- Table structure for table `professor_subjects`
--

CREATE TABLE `professor_subjects` (
  `prof_id` int(11) NOT NULL,
  `subject_id` int(11) NOT NULL
) ENGINE=InnoDB DEFAULT CHARSET=utf8mb4;

--
-- Dumping data for table `professor_subjects`
--

INSERT INTO `professor_subjects` (`prof_id`, `subject_id`) VALUES
(5, 7),
(6, 8),
(8, 5),
(5, 5),
(5, 8);

-- --------------------------------------------------------

--
-- Table structure for table `questions`
--

CREATE TABLE `questions` (
  `id` int(11) NOT NULL,
  `subject_id` int(11) NOT NULL,
  `chapter_id` int(11) NOT NULL,
  `question_text` text NOT NULL,
  `type` varchar(20) NOT NULL,
  `difficulty` varchar(20) NOT NULL
) ENGINE=InnoDB DEFAULT CHARSET=utf8mb4;

-- --------------------------------------------------------

--
-- Table structure for table `results`
--

CREATE TABLE `results` (
  `id` int(11) NOT NULL,
  `student_id` int(11) NOT NULL,
  `exam_id` int(11) NOT NULL,
  `result` int(3) NOT NULL
) ENGINE=InnoDB DEFAULT CHARSET=utf8mb4;

-- --------------------------------------------------------

--
-- Table structure for table `students`
--

CREATE TABLE `students` (
  `id` int(11) NOT NULL,
  `user_name` varchar(255) NOT NULL,
  `academic_id` varchar(16) NOT NULL,
  `email` varchar(255) NOT NULL,
  `password` varchar(70) NOT NULL,
  `level` varchar(20) NOT NULL,
  `department` varchar(100) NOT NULL,
  `role` varchar(20) NOT NULL,
  `created_at` timestamp NOT NULL DEFAULT current_timestamp(),
  `login_at` timestamp NOT NULL DEFAULT current_timestamp(),
  `level_id` int(11) NOT NULL,
  `dept_id` int(11) NOT NULL
) ENGINE=InnoDB DEFAULT CHARSET=utf8mb4;

--
-- Dumping data for table `students`
--

INSERT INTO `students` (`id`, `user_name`, `academic_id`, `email`, `password`, `level`, `department`, `role`, `created_at`, `login_at`, `level_id`, `dept_id`) VALUES
(8, ' alaa nasser', '1618120190100014', 'alaaattia147@gmail.com', '$2y$10$1vpE8Q1KlnX4Uu/fLYtrLOInu/NoLI4Llb.bZSPJN8gz2khQpSBV.', 'two', 'SE', 'student', '2022-05-08 20:06:53', '2022-05-08 20:43:59', 11, 14);

-- --------------------------------------------------------

--
-- Table structure for table `subjects`
--

CREATE TABLE `subjects` (
  `id` int(11) NOT NULL,
  `subject_name` varchar(255) NOT NULL,
  `level_id` int(11) NOT NULL,
  `dept_id` int(11) NOT NULL
) ENGINE=InnoDB DEFAULT CHARSET=utf8mb4;

--
-- Dumping data for table `subjects`
--

INSERT INTO `subjects` (`id`, `subject_name`, `level_id`, `dept_id`) VALUES
(5, 'information technology', 8, 7),
(7, 'privacy', 8, 7),
(8, 'data base', 8, 7);

--
-- Indexes for dumped tables
--

--
-- Indexes for table `answers`
--
ALTER TABLE `answers`
  ADD PRIMARY KEY (`id`),
  ADD KEY `question_id` (`question_id`);

--
-- Indexes for table `chapters`
--
ALTER TABLE `chapters`
  ADD PRIMARY KEY (`id`),
  ADD KEY `subject_id` (`subject_id`);

--
-- Indexes for table `contact`
--
ALTER TABLE `contact`
  ADD PRIMARY KEY (`id`);

--
-- Indexes for table `departments`
--
ALTER TABLE `departments`
  ADD PRIMARY KEY (`id`),
  ADD KEY `level_id` (`level_id`);

--
-- Indexes for table `exams`
--
ALTER TABLE `exams`
  ADD PRIMARY KEY (`id`),
  ADD KEY `subject_id` (`subject_id`);

--
-- Indexes for table `levels`
--
ALTER TABLE `levels`
  ADD PRIMARY KEY (`id`);

--
-- Indexes for table `professors`
--
ALTER TABLE `professors`
  ADD PRIMARY KEY (`id`);

--
-- Indexes for table `professor_subjects`
--
ALTER TABLE `professor_subjects`
  ADD KEY `prof_id` (`prof_id`),
  ADD KEY `subject_id` (`subject_id`);

--
-- Indexes for table `questions`
--
ALTER TABLE `questions`
  ADD PRIMARY KEY (`id`),
  ADD KEY `subject_id` (`subject_id`),
  ADD KEY `chapter_id` (`chapter_id`);

--
-- Indexes for table `results`
--
ALTER TABLE `results`
  ADD PRIMARY KEY (`id`),
  ADD KEY `student_id` (`student_id`),
  ADD KEY `exam_id` (`exam_id`);

--
-- Indexes for table `students`
--
ALTER TABLE `students`
  ADD PRIMARY KEY (`id`),
  ADD KEY `level_id` (`level_id`),
  ADD KEY `dept_id` (`dept_id`);

--
-- Indexes for table `subjects`
--
ALTER TABLE `subjects`
  ADD PRIMARY KEY (`id`),
  ADD KEY `dept_id` (`dept_id`),
  ADD KEY `level_id` (`level_id`);

--
-- AUTO_INCREMENT for dumped tables
--

--
-- AUTO_INCREMENT for table `answers`
--
ALTER TABLE `answers`
  MODIFY `id` int(11) NOT NULL AUTO_INCREMENT;

--
-- AUTO_INCREMENT for table `chapters`
--
ALTER TABLE `chapters`
  MODIFY `id` int(11) NOT NULL AUTO_INCREMENT, AUTO_INCREMENT=10;

--
-- AUTO_INCREMENT for table `contact`
--
ALTER TABLE `contact`
  MODIFY `id` int(11) NOT NULL AUTO_INCREMENT, AUTO_INCREMENT=7;

--
-- AUTO_INCREMENT for table `departments`
--
ALTER TABLE `departments`
  MODIFY `id` int(11) NOT NULL AUTO_INCREMENT, AUTO_INCREMENT=15;

--
-- AUTO_INCREMENT for table `exams`
--
ALTER TABLE `exams`
  MODIFY `id` int(11) NOT NULL AUTO_INCREMENT;

--
-- AUTO_INCREMENT for table `levels`
--
ALTER TABLE `levels`
  MODIFY `id` int(11) NOT NULL AUTO_INCREMENT, AUTO_INCREMENT=13;

--
-- AUTO_INCREMENT for table `professors`
--
ALTER TABLE `professors`
  MODIFY `id` int(11) NOT NULL AUTO_INCREMENT, AUTO_INCREMENT=9;

--
-- AUTO_INCREMENT for table `questions`
--
ALTER TABLE `questions`
  MODIFY `id` int(11) NOT NULL AUTO_INCREMENT;

--
-- AUTO_INCREMENT for table `results`
--
ALTER TABLE `results`
  MODIFY `id` int(11) NOT NULL AUTO_INCREMENT;

--
-- AUTO_INCREMENT for table `students`
--
ALTER TABLE `students`
  MODIFY `id` int(11) NOT NULL AUTO_INCREMENT, AUTO_INCREMENT=9;

--
-- AUTO_INCREMENT for table `subjects`
--
ALTER TABLE `subjects`
  MODIFY `id` int(11) NOT NULL AUTO_INCREMENT, AUTO_INCREMENT=9;

--
-- Constraints for dumped tables
--

--
-- Constraints for table `answers`
--
ALTER TABLE `answers`
  ADD CONSTRAINT `answers_ibfk_1` FOREIGN KEY (`question_id`) REFERENCES `questions` (`id`) ON DELETE CASCADE;

--
-- Constraints for table `chapters`
--
ALTER TABLE `chapters`
  ADD CONSTRAINT `chapters_ibfk_1` FOREIGN KEY (`subject_id`) REFERENCES `subjects` (`id`) ON DELETE CASCADE;

--
-- Constraints for table `departments`
--
ALTER TABLE `departments`
  ADD CONSTRAINT `departments_ibfk_1` FOREIGN KEY (`level_id`) REFERENCES `levels` (`id`) ON DELETE CASCADE;

--
-- Constraints for table `exams`
--
ALTER TABLE `exams`
  ADD CONSTRAINT `exams_ibfk_1` FOREIGN KEY (`subject_id`) REFERENCES `subjects` (`id`) ON DELETE CASCADE;

--
-- Constraints for table `professor_subjects`
--
ALTER TABLE `professor_subjects`
  ADD CONSTRAINT `professor_subjects_ibfk_1` FOREIGN KEY (`prof_id`) REFERENCES `professors` (`id`) ON DELETE CASCADE,
  ADD CONSTRAINT `professor_subjects_ibfk_2` FOREIGN KEY (`subject_id`) REFERENCES `subjects` (`id`) ON DELETE CASCADE;

--
-- Constraints for table `questions`
--
ALTER TABLE `questions`
  ADD CONSTRAINT `questions_ibfk_1` FOREIGN KEY (`subject_id`) REFERENCES `subjects` (`id`) ON DELETE CASCADE,
  ADD CONSTRAINT `questions_ibfk_2` FOREIGN KEY (`chapter_id`) REFERENCES `chapters` (`id`) ON DELETE CASCADE;

--
-- Constraints for table `results`
--
ALTER TABLE `results`
  ADD CONSTRAINT `results_ibfk_1` FOREIGN KEY (`student_id`) REFERENCES `students` (`id`) ON DELETE CASCADE,
  ADD CONSTRAINT `results_ibfk_2` FOREIGN KEY (`exam_id`) REFERENCES `exams` (`id`) ON DELETE CASCADE;

--
-- Constraints for table `students`
--
ALTER TABLE `students`
  ADD CONSTRAINT `students_ibfk_1` FOREIGN KEY (`dept_id`) REFERENCES `departments` (`id`) ON DELETE CASCADE,
  ADD CONSTRAINT `students_ibfk_2` FOREIGN KEY (`level_id`) REFERENCES `levels` (`id`) ON DELETE CASCADE;

--
-- Constraints for table `subjects`
--
ALTER TABLE `subjects`
  ADD CONSTRAINT `subjects_ibfk_1` FOREIGN KEY (`dept_id`) REFERENCES `departments` (`id`) ON DELETE CASCADE,
  ADD CONSTRAINT `subjects_ibfk_2` FOREIGN KEY (`level_id`) REFERENCES `levels` (`id`) ON DELETE CASCADE;
COMMIT;

/*!40101 SET CHARACTER_SET_CLIENT=@OLD_CHARACTER_SET_CLIENT */;
/*!40101 SET CHARACTER_SET_RESULTS=@OLD_CHARACTER_SET_RESULTS */;
/*!40101 SET COLLATION_CONNECTION=@OLD_COLLATION_CONNECTION */;
